"","longitude","latitude","eventDate"
"1",-121.674649,37.770104,2023-01-03
"2",-122.71764,38.370383,2023-01-06
"3",-120.093077,34.427571,2023-01-06
"4",-121.038325,35.484613,2023-01-05
"5",-120.107013,34.541812,2023-01-12
"6",-115.607527,30.807374,2023-01-11
"7",-120.09045,34.400884,2023-01-16
"8",-121.865794,37.506666,2023-01-12
"9",-122.513324,37.931773,2023-01-09
"10",-122.603201,38.282689,2023-01-25
"11",-121.687428,36.402473,2023-01-25
"12",-122.713871,38.323261,2023-01-27
"13",-122.615945,38.388718,2023-02-03
"14",-121.056635,37.076073,2023-02-07
"15",-121.115964,37.086176,2023-02-07
"16",-115.641138,30.854195,2023-02-10
"17",-121.999382,37.612571,2023-02-12
"18",-120.122987,34.508246,2023-02-13
"19",-120.071864,34.432118,2023-02-14
"20",-120.012768,34.527395,2023-02-15
"21",-115.890306,31.194005,2023-02-17
"22",-115.902432,31.055685,2023-02-20
"23",-115.964127,31.040875,2023-02-20
"24",-122.723861,38.200099,2022-01-03
"25",-120.073729,34.443632,2022-01-05
"26",-120.013149,34.493206,2022-01-05
"27",-122.409167,37.636533,2022-01-28
"28",-115.878666,31.18102,2022-01-25
"29",-122.441774,38.212678,2022-01-04
"30",-119.60655,34.5181,2022-01-04
"31",-122.405426,38.585167,2022-01-19
"32",-122.407312,38.428824,2022-01-19
"33",-122.535352,37.841149,2022-02-03
"34",-122.55869,37.964265,2022-02-03
"35",-121.526126,36.338053,2022-02-05
"36",-120.181834,34.476694,2022-02-07
"37",-121.44173,36.376502,2022-02-05
"38",-120.053717,34.576917,2022-02-08
"39",-120.073422,34.591986,2022-02-09
"40",-122.567896,38.369804,2022-02-09
"41",-120.085546,34.487494,2022-02-10
"42",-123.555342,38.610922,2022-02-17
"43",-122.514464,37.94957,2022-02-18
"44",-122.506963,37.813994,2022-02-18
"45",-121.509777,36.645931,2022-02-22
"46",-121.562682,37.091257,2022-02-21
"47",-121.491166,37.1152,2022-02-21
"48",-122.205062,37.152127,2022-02-27
"49",-122.344369,37.307843,2022-02-04
"50",-122.394517,37.337184,2022-02-04
"51",-122.72124,37.918708,2022-02-09
"52",-122.269432,37.11905,2022-03-08
"53",-122.195586,37.238792,2022-03-04
"54",-122.627283,38.139206,2022-03-10
"55",-122.144247,37.001276,2022-03-16
"56",-115.970186,31.197143,2022-03-18
"57",-122.490481,37.991928,2022-03-23
"58",-122.043411,36.805714,2022-03-26
"59",-122.570588,37.861225,2022-03-26
"60",-122.402889,37.852933,2022-03-26
"61",-122.531846,37.864045,2022-03-26
"62",-122.630764,38.344759,2022-03-27
"63",-121.038926,36.407536,2022-03-26
"64",-120.381278,34.813331,2022-03-28
"65",-122.511995,38.339624,2022-03-29
"66",-122.16239,37.938875,2022-03-20
"67",-122.726772,38.130946,2022-03-15
"68",-121.754718,37.300099,2022-03-31
"69",-122.004456,37.969261,2022-04-01
"70",-122.10697,37.870652,2022-04-01
"71",-121.143838,36.406946,2022-04-02
"72",-122.088876,36.863643,2022-04-03
"73",-115.610133,30.809856,2022-04-04
"74",-115.67793,30.804107,2022-04-04
"75",-122.085882,36.98899,2022-04-05
"76",-121.956927,37.487702,2022-04-04
"77",-115.629733,30.969314,2022-04-05
"78",-122.878575,38.03891,2022-04-05
"79",-121.832406,36.479092,2022-04-06
"80",-115.766164,30.976349,2022-04-06
"81",-122.163601,36.998478,2022-04-07
"82",-115.710404,30.888693,2022-04-05
"83",-122.123985,36.976533,2022-04-14
"84",-122.468447,37.821299,2022-04-15
"85",-122.594454,38.391058,2022-04-12
"86",-122.121774,36.976839,2022-04-05
"87",-122.137047,37.879673,2022-04-17
"88",-122.064307,37.869914,2022-04-17
"89",-121.175272,36.414719,2022-04-15
"90",-121.104531,36.409886,2022-04-15
"91",-120.737323,35.191281,2022-04-18
"92",-120.607891,35.31196,2022-04-18
"93",-121.587989,37.067734,2022-04-16
"94",-122.443901,38.386285,2022-04-19
"95",-121.740606,36.827463,2022-04-20
"96",-115.799516,30.989648,2022-04-06
"97",-120.191219,34.595412,2022-04-25
"98",-121.903725,37.823237,2022-04-30
"99",-120.666243,35.368673,2022-04-30
"100",-121.627763,37.252809,2022-04-02
"101",-115.747711,30.958737,2022-04-04
"102",-115.688204,30.942908,2022-04-05
"103",-122.086788,36.874247,2022-05-02
"104",-115.788338,30.830058,2022-05-03
"105",-115.65766,30.883051,2022-05-03
"106",-122.413019,37.998764,2022-05-03
"107",-115.601022,30.891532,2022-05-04
"108",-122.051219,36.809306,2022-05-05
"109",-115.740199,30.975993,2022-05-02
"110",-115.750208,30.994575,2022-05-02
"111",-115.713039,30.967322,2022-05-02
"112",-115.699745,30.891697,2022-05-03
"113",-121.635447,36.959199,2022-05-11
"114",-121.311701,37.140773,2022-05-11
"115",-122.132317,38.497607,2022-05-12
"116",-122.103937,38.498983,2022-05-12
"117",-121.618978,36.590978,2022-05-15
"118",-122.514762,37.899813,2022-05-15
"119",-122.519597,38.287976,2022-05-18
"120",-122.099075,36.857343,2022-05-23
"121",-122.197107,36.85487,2022-05-24
"122",-121.307055,37.18807,2022-05-28
"123",-120.607381,35.531494,2022-05-29
"124",-122.324766,37.470379,2022-05-30
"125",-121.918356,36.404267,2022-06-01
"126",-115.552857,30.91262,2022-06-02
"127",-119.934691,34.444208,2022-06-05
"128",-122.142849,36.930172,2022-06-07
"129",-115.520921,30.979503,2022-06-01
"130",-115.405853,30.935071,2022-06-01
"131",-121.808593,37.581175,2022-06-09
"132",-122.526566,38.297104,2022-06-08
"133",-119.941049,34.504713,2022-06-09
"134",-122.415993,37.694884,2022-06-15
"135",-120.670341,39.06758,2022-06-18
"136",-122.489152,37.815658,2022-06-22
"137",-122.480759,37.609464,2022-06-19
"138",-122.482092,37.788502,2022-06-19
"139",-115.625134,30.86814,2022-06-25
"140",-115.764657,30.928756,2022-06-25
"141",-115.675866,30.80416,2022-06-25
"142",-115.613481,30.810001,2022-06-26
"143",-115.660734,30.882681,2022-06-25
"144",-115.773954,30.820273,2022-06-27
"145",-115.759381,30.837001,2022-06-25
"146",-121.589027,37.697043,2022-06-25
"147",-115.681684,30.826178,2022-06-25
"148",-115.720969,30.907413,2022-06-24
"149",-115.776748,30.898517,2022-06-25
"150",-115.785432,30.883892,2022-06-24
"151",-119.428407,37.778958,2022-06-14
"152",-121.630263,37.365056,2022-06-28
"153",-121.6991,37.547134,2022-06-07
"154",-122.427924,37.519808,2022-07-02
"155",-122.583179,37.454895,2022-07-08
"156",-122.483485,37.447221,2022-07-08
"157",-122.562779,37.570991,2022-07-08
"158",-122.482947,37.54018,2022-07-08
"159",-122.485528,37.419498,2022-07-08
"160",-121.827054,36.599743,2022-07-09
"161",-119.496101,37.683618,2022-07-10
"162",-122.383201,37.589546,2022-07-11
"163",-122.55949,38.333945,2022-07-12
"164",-122.433366,37.864091,2022-07-13
"165",-122.352252,37.447018,2022-07-14
"166",-122.323575,37.559178,2022-07-14
"167",-120.468855,38.628757,2022-07-19
"168",-121.859418,36.534975,2022-07-13
"169",-122.225224,37.570301,2022-07-21
"170",-122.328156,37.413163,2022-07-10
"171",-121.115849,36.414973,2022-07-23
"172",-120.895914,35.374946,2022-07-25
"173",-122.547278,37.223879,2022-07-30
"174",-122.418397,37.309523,2022-07-29
"175",-122.207005,37.277106,2022-07-30
"176",-122.40522,37.710654,2022-07-12
"177",-122.213677,37.436208,2022-08-05
"178",-122.444545,38.229922,2022-08-06
"179",-122.545794,38.272154,2022-08-04
"180",-122.486576,38.331295,2022-08-06
"181",-122.935421,38.180992,2022-08-04
"182",-122.575582,38.215918,2022-08-09
"183",-122.49495,37.86068,2022-08-11
"184",-122.922962,38.164666,2022-08-19
"185",-122.422776,37.74264,2022-08-20
"186",-122.25146,37.516228,2022-08-22
"187",-122.483225,37.702552,2022-08-27
"188",-115.614081,30.871867,2022-08-03
"189",-122.479989,38.209912,2022-08-02
"190",-115.604773,30.955151,2022-08-02
"191",-115.790457,30.966623,2022-08-03
"192",-121.872683,36.437416,2022-09-01
"193",-121.616599,37.603591,2022-09-01
"194",-122.072909,37.655586,2022-09-01
"195",-122.529043,37.720352,2022-09-02
"196",-122.413821,37.835616,2022-09-02
"197",-122.134042,38.495991,2022-09-01
"198",-122.42753,37.406426,2022-09-04
"199",-122.240606,37.536002,2022-09-04
"200",-122.347743,37.423531,2022-09-04
"201",-122.517636,37.245727,2022-09-05
"202",-119.963519,34.700203,2022-09-09
"203",-118.843069,34.535454,2022-09-10
"204",-122.561237,37.894032,2022-09-14
"205",-121.771104,37.699443,2022-09-15
"206",-122.184407,37.928701,2022-09-17
"207",-122.18442,37.821088,2022-09-16
"208",-122.080788,37.968639,2022-09-17
"209",-122.052147,37.941724,2022-09-17
"210",-122.066208,37.829293,2022-09-17
"211",-122.142473,37.907926,2022-09-17
"212",-122.707566,38.328052,2022-09-19
"213",-122.13882,37.93431,2022-09-17
"214",-121.735265,37.293748,2022-09-27
"215",-122.692421,38.391684,2022-09-30
"216",-121.951744,37.909025,2022-09-29
"217",-121.602071,37.29532,2022-09-27
"218",-121.646993,37.293364,2022-09-27
"219",-121.084409,36.570915,2022-09-19
"220",-122.187635,37.992747,2022-10-05
"221",-122.136685,37.932126,2022-10-05
"222",-115.665328,30.841135,2022-10-09
"223",-115.794667,30.992022,2022-10-07
"224",-115.623049,30.851951,2022-10-07
"225",-122.496567,37.829057,2022-10-11
"226",-122.528716,37.96082,2022-10-11
"227",-122.1673,37.293415,2022-10-18
"228",-122.429661,37.867801,2022-10-18
"229",-122.491173,37.876365,2022-10-31
"230",-122.289193,37.748659,2022-10-14
"231",-120.332212,34.505318,2022-10-25
"232",-120.716215,35.071049,2022-11-03
"233",-122.630538,38.326854,2022-11-06
"234",-122.708952,38.2969,2022-11-06
"235",-122.665156,38.359252,2022-11-06
"236",-122.711201,38.251251,2022-11-06
"237",-122.721461,38.292359,2022-11-07
"238",-122.760191,38.387507,2022-11-07
"239",-122.676615,38.291824,2022-11-08
"240",-115.737907,30.809014,2022-11-09
"241",-122.793779,38.263667,2022-11-09
"242",-121.094596,36.430709,2022-11-09
"243",-122.667675,38.210854,2022-11-17
"244",-122.647881,38.346928,2022-11-22
"245",-115.623305,30.839219,2022-11-21
"246",-122.761737,38.001984,2022-11-20
"247",-122.761324,38.30131,2022-12-03
"248",-122.646924,38.318795,2022-12-03
"249",-122.790589,38.246304,2022-12-03
"250",-122.741616,38.374314,2022-12-03
"251",-122.664974,38.306945,2022-12-03
"252",-122.734914,38.261826,2022-12-03
"253",-122.778917,38.363316,2022-12-03
"254",-122.683227,38.2725,2022-12-03
"255",-122.716019,38.398435,2022-12-03
"256",-122.778082,38.3146,2022-12-03
"257",-122.646612,38.343537,2022-12-04
"258",-122.685416,38.287132,2022-12-04
"259",-122.722303,38.232421,2022-12-03
"260",-122.682169,38.270675,2022-12-04
"261",-122.75106,38.30641,2022-12-04
"262",-122.697212,38.24498,2022-12-04
"263",-122.674067,38.259754,2022-12-04
"264",-122.773575,38.281353,2022-12-05
"265",-122.710724,38.364401,2022-12-08
"266",-122.737119,38.265952,2022-12-08
"267",-122.69509,38.300099,2022-12-04
"268",-122.748264,38.304273,2022-12-05
"269",-122.603911,38.262556,2022-12-03
"270",-122.691214,38.390795,2022-12-10
"271",-122.697003,38.303514,2022-12-04
"272",-122.679954,38.239092,2022-12-11
"273",-122.767139,38.278888,2022-12-11
"274",-121.538105,37.683136,2022-12-10
"275",-122.459127,37.780321,2022-12-17
"276",-120.057883,34.503144,2022-12-18
"277",-122.61299,38.274612,2022-12-23
"278",-122.67155,38.283548,2022-12-23
"279",-122.69513,38.214102,2022-12-26
"280",-122.746056,38.224353,2022-12-27
"281",-122.733106,38.397034,2022-12-27
"282",-122.720484,38.265748,2022-12-29
"283",-122.642918,38.383102,2022-12-29
"284",-120.12224,34.406898,2022-12-29
"285",-122.785354,38.232598,2022-12-30
"286",-122.710183,38.398889,2022-12-30
"287",-122.405395,37.487101,2022-12-27
"288",-121.86894,36.987425,2021-01-02
"289",-120.074392,34.561894,2021-01-25
"290",-115.88691,31.01105,2021-01-21
"291",-115.716128,30.988588,2021-01-26
"292",-115.962493,31.114812,2021-01-21
"293",-115.807453,31.14098,2021-02-01
"294",-122.779252,38.283081,2021-02-01
"295",-122.766442,38.307623,2021-02-01
"296",-122.240163,37.15318,2021-02-01
"297",-122.723427,38.33801,2021-02-01
"298",-122.790632,38.256856,2021-02-01
"299",-122.799069,37.837436,2021-02-07
"300",-119.411081,34.511009,2021-02-12
"301",-122.47063,37.676988,2021-02-21
"302",-122.842075,38.003849,2021-02-22
"303",-122.829581,38.005749,2021-02-22
"304",-121.797466,36.656697,2021-02-24
"305",-122.245158,37.272476,2021-02-05
"306",-122.498028,37.55378,2021-02-22
"307",-119.307664,34.404651,2021-03-02
"308",-121.666981,36.885317,2021-03-06
"309",-122.479949,37.920029,2021-03-06
"310",-120.168779,34.42265,2021-03-07
"311",-121.52433,37.690976,2021-03-09
"312",-120.688137,35.251872,2021-03-12
"313",-122.453483,37.448296,2021-03-14
"314",-122.540144,37.493321,2021-03-16
"315",-120.04121,34.576019,2021-03-17
"316",-121.429784,37.783987,2021-03-18
"317",-115.756931,30.990041,2021-03-21
"318",-121.88656,37.74694,2021-03-25
"319",-122.575012,37.830185,2021-03-26
"320",-121.331932,37.164137,2021-03-26
"321",-119.375594,34.461135,2021-03-31
"322",-122.781758,37.920004,2021-03-30
"323",-122.150611,36.804715,2021-04-05
"324",-122.560957,37.404157,2021-04-05
"325",-121.191539,36.493619,2021-04-09
"326",-122.234406,38.189624,2021-04-10
"327",-121.512549,36.737264,2021-04-10
"328",-121.83526,37.413394,2021-04-24
"329",-121.046816,35.771045,2021-04-26
"330",-121.633189,37.283227,2021-04-28
"331",-122.455681,37.526019,2021-04-26
"332",-121.806869,37.477579,2021-04-24
"333",-122.467759,37.784186,2021-05-22
"334",-121.659793,36.897468,2021-05-05
"335",-121.704495,37.801076,2021-05-07
"336",-122.185505,36.943361,2021-05-08
"337",-122.434756,37.534564,2021-05-11
"338",-122.592353,37.490772,2021-05-13
"339",-120.773193,35.328495,2021-05-13
"340",-121.631751,36.928228,2021-05-07
"341",-122.526662,37.646018,2021-05-17
"342",-122.363929,37.260406,2021-05-18
"343",-122.2659,37.375313,2021-05-18
"344",-122.276123,37.287931,2021-05-18
"345",-121.654666,37.766869,2021-05-23
"346",-121.660739,37.56671,2021-05-22
"347",-121.776686,37.41316,2021-05-22
"348",-121.727581,37.498249,2021-05-22
"349",-122.475582,38.254277,2021-05-24
"350",-122.583536,38.236747,2021-06-05
"351",-122.952505,38.13153,2021-06-05
"352",-121.632752,37.067477,2021-06-10
"353",-121.870098,37.988803,2021-06-15
"354",-122.669643,38.223535,2021-06-18
"355",-122.474441,37.465608,2021-06-19
"356",-115.48433,30.830517,2021-06-15
"357",-122.916239,38.170522,2021-06-20
"358",-115.535284,30.852385,2021-06-15
"359",-115.506656,30.846106,2021-06-16
"360",-121.769117,36.943578,2021-06-22
"361",-121.001929,36.736542,2021-06-25
"362",-122.48465,37.959616,2021-07-02
"363",-122.46841,37.525965,2021-07-03
"364",-122.185271,36.894835,2021-07-07
"365",-120.151243,34.551552,2021-07-09
"366",-122.071018,36.839515,2021-07-07
"367",-122.492235,37.492487,2021-07-18
"368",-122.41867,37.545212,2021-07-18
"369",-122.518365,37.433289,2021-07-17
"370",-122.161382,36.883497,2021-07-20
"371",-122.387325,37.388985,2021-07-23
"372",-122.093345,36.842637,2021-07-06
"373",-122.082918,36.944904,2021-07-06
"374",-123.091041,38.236654,2021-08-07
"375",-122.405091,37.436537,2021-08-15
"376",-122.516121,37.445344,2021-08-15
"377",-122.587409,37.934095,2021-08-17
"378",-122.539328,37.709205,2021-08-22
"379",-121.864207,36.376235,2021-08-23
"380",-121.136048,36.588198,2021-08-23
"381",-121.112147,36.464043,2021-09-26
"382",-121.998031,36.464253,2021-09-01
"383",-121.987593,36.569308,2021-09-02
"384",-121.900311,36.422919,2021-09-02
"385",-117.275969,33.481453,2021-09-02
"386",-122.572139,37.975771,2021-09-05
"387",-123.560229,38.783241,2021-09-12
"388",-123.419717,38.633297,2021-09-12
"389",-123.567991,38.61388,2021-09-12
"390",-123.570844,38.662941,2021-09-12
"391",-123.441303,38.74601,2021-09-12
"392",-122.576665,38.284442,2021-09-14
"393",-122.492774,38.258212,2021-09-14
"394",-120.119387,34.482018,2021-09-26
"395",-120.184994,34.442703,2021-09-26
"396",-120.104362,34.587938,2021-09-26
"397",-121.063321,36.574839,2021-09-25
"398",-115.965556,31.0847,2021-10-28
"399",-121.897333,36.498881,2021-10-02
"400",-122.779195,37.846612,2021-10-01
"401",-120.054224,34.491807,2021-10-06
"402",-122.717063,38.067707,2021-10-12
"403",-122.627323,38.009258,2021-10-21
"404",-121.752723,36.86392,2021-10-23
"405",-121.709442,36.937343,2021-10-23
"406",-120.096042,34.484527,2021-10-27
"407",-121.866541,36.442232,2021-11-04
"408",-122.457489,37.454828,2021-11-05
"409",-122.471316,37.461193,2021-11-05
"410",-122.503225,37.897283,2021-11-09
"411",-122.633017,38.239772,2021-11-08
"412",-122.786426,37.821721,2021-11-14
"413",-120.743854,35.271376,2021-11-15
"414",-120.758981,34.728699,2021-11-15
"415",-122.697432,38.215554,2021-11-15
"416",-118.950909,34.18857,2021-11-15
"417",-115.77005,30.995513,2021-11-08
"418",-115.778729,30.918414,2021-11-08
"419",-121.141333,36.441474,2021-11-03
"420",-121.116539,36.55496,2021-12-10
"421",-115.647987,30.916622,2021-12-07
"422",-122.670099,38.304767,2021-12-22
"423",-122.687783,38.304098,2021-12-22
"424",-121.904595,37.544587,2021-12-17
"425",-120.107,34.406734,2020-01-03
"426",-122.727587,38.22572,2020-01-24
"427",-122.642702,38.37389,2020-01-25
"428",-122.407647,37.967884,2020-01-18
"429",-122.084781,37.99708,2020-02-01
"430",-121.183812,36.521182,2020-02-02
"431",-115.697896,30.834393,2020-02-06
"432",-122.37249,37.342863,2020-02-08
"433",-121.153497,36.706802,2020-02-15
"434",-122.277681,37.326881,2020-02-08
"435",-122.569808,37.599892,2020-02-15
"436",-115.754461,30.944839,2020-02-04
"437",-122.112111,37.99194,2020-03-04
"438",-115.6436,30.865973,2020-03-05
"439",-115.711592,30.922276,2020-03-05
"440",-115.6688,30.947181,2020-03-05
"441",-115.743543,30.814954,2020-03-05
"442",-115.624985,30.818501,2020-03-05
"443",-115.693497,30.981305,2020-03-05
"444",-115.686057,30.899465,2020-03-05
"445",-115.710176,30.812098,2020-03-05
"446",-115.617266,30.997296,2020-03-05
"447",-115.629874,30.945506,2020-03-05
"448",-115.709061,30.887755,2020-03-05
"449",-115.718522,30.84894,2020-03-05
"450",-115.756343,30.854586,2020-03-03
"451",-115.625933,30.821949,2020-03-03
"452",-115.879164,31.074472,2020-03-07
"453",-115.924823,31.053526,2020-03-07
"454",-122.161091,37.970691,2020-03-06
"455",-122.7268,38.463249,2020-03-11
"456",-120.149892,34.470044,2020-03-12
"457",-123.650261,39.200559,2020-03-16
"458",-120.002834,34.40312,2020-03-20
"459",-115.667243,30.881428,2020-03-25
"460",-115.691587,30.948292,2020-03-25
"461",-116.097105,30.951073,2020-03-25
"462",-115.746962,30.902734,2020-03-25
"463",-115.66665,30.873142,2020-03-25
"464",-115.74202,30.908487,2020-03-25
"465",-121.155994,36.630372,2020-03-29
"466",-115.656258,30.882285,2020-03-25
"467",-115.673888,30.880437,2020-03-25
"468",-122.120525,36.999085,2020-03-30
"469",-121.815336,37.432221,2020-03-13
"470",-121.789517,37.800181,2020-03-31
"471",-121.616364,37.887249,2020-03-31
"472",-121.102766,36.410024,2020-03-07
"473",-122.669493,37.9176,2020-04-01
"474",-122.114831,37.803783,2020-04-08
"475",-122.185577,37.98117,2020-04-08
"476",-121.608917,37.820175,2020-04-08
"477",-122.089008,37.988716,2020-04-08
"478",-120.513475,38.710002,2020-04-13
"479",-122.474195,37.788891,2020-04-14
"480",-122.510297,38.246407,2020-04-16
"481",-115.715022,30.964668,2020-04-20
"482",-115.644931,30.829289,2020-04-21
"483",-122.024551,37.943199,2020-04-24
"484",-122.407033,37.558669,2020-04-10
"485",-120.060194,34.458506,2020-04-25
"486",-122.056874,37.642716,2020-04-25
"487",-122.568941,37.413707,2020-04-25
"488",-122.587691,37.801614,2020-04-26
"489",-115.7396,30.808659,2020-04-27
"490",-115.668082,30.90592,2020-04-26
"491",-115.769776,30.811734,2020-04-27
"492",-122.530676,37.692814,2020-05-04
"493",-122.038865,37.947588,2020-05-06
"494",-122.157525,37.949457,2020-05-07
"495",-122.152045,37.848399,2020-05-07
"496",-122.029611,37.810321,2020-05-07
"497",-121.103106,36.565117,2020-05-10
"498",-120.439299,34.65515,2020-05-13
"499",-120.764084,35.362678,2020-05-13
"500",-120.771068,35.384793,2020-05-13
"501",-120.080795,34.51712,2020-05-19
"502",-121.556498,37.73433,2020-05-19
"503",-121.920602,37.895617,2020-05-30
"504",-122.425794,37.563789,2020-05-19
"505",-119.941185,34.961445,2020-05-16
"506",-121.808086,37.877489,2020-06-01
"507",-121.883159,37.822161,2020-06-01
"508",-122.029566,36.916927,2020-06-02
"509",-122.159976,36.828756,2020-06-09
"510",-120.504678,34.524052,2020-06-11
"511",-121.110815,36.619897,2020-06-10
"512",-123.613674,38.848222,2020-06-13
"513",-121.796675,37.946075,2020-06-17
"514",-123.521658,38.761637,2020-06-21
"515",-121.054077,36.720496,2020-06-26
"516",-120.043766,34.400124,2020-06-27
"517",-120.071451,34.500876,2020-06-28
"518",-122.275457,37.033655,2020-06-22
"519",-122.515851,37.47845,2020-06-09
"520",-121.714423,37.962089,2020-07-07
"521",-122.689099,38.43093,2020-07-08
"522",-121.601331,37.972909,2020-07-16
"523",-121.727142,37.862923,2020-07-19
"524",-121.497292,37.014246,2020-07-25
"525",-122.406853,37.949509,2020-07-21
"526",-122.530068,37.417671,2020-07-31
"527",-115.776243,30.811025,2020-07-27
"528",-115.758194,30.97881,2020-07-26
"529",-115.720888,30.818816,2020-07-26
"530",-115.644559,30.964524,2020-07-26
"531",-115.764434,30.834689,2020-07-26
"532",-115.791554,30.876645,2020-07-27
"533",-115.643515,30.9542,2020-07-27
"534",-115.68076,30.842936,2020-07-27
"535",-115.700914,30.854756,2020-07-27
"536",-115.794136,30.868647,2020-07-27
"537",-115.796494,30.852916,2020-07-28
"538",-115.665388,30.921835,2020-07-28
"539",-122.529775,37.536033,2020-07-08
"540",-122.43262,37.572444,2020-07-08
"541",-122.562845,37.923954,2020-08-22
"542",-121.772058,37.827773,2020-08-01
"543",-121.644017,37.978692,2020-08-09
"544",-120.79052,39.139554,2020-08-12
"545",-120.756101,39.106112,2020-08-12
"546",-122.730778,38.386272,2020-08-21
"547",-121.111687,35.700249,2020-08-10
"548",-121.104061,36.621306,2020-08-28
"549",-116.600782,33.111459,2020-08-28
"550",-116.760467,33.028558,2020-08-28
"551",-121.954172,37.97847,2020-08-29
"552",-122.462659,37.945021,2020-08-13
"553",-122.856378,38.238645,2020-09-01
"554",-121.159396,36.630982,2020-09-15
"555",-119.537733,34.495924,2020-09-17
"556",-122.979251,38.106602,2020-09-20
"557",-122.186175,36.862836,2020-09-16
"558",-122.636737,38.263454,2020-09-22
"559",-122.536825,37.993407,2020-09-18
"560",-122.579628,38.236284,2020-09-22
"561",-122.560596,38.230711,2020-09-22
"562",-122.501616,38.262158,2020-09-22
"563",-122.46661,38.313466,2020-09-22
"564",-122.578616,37.855331,2020-09-24
"565",-122.056945,37.650413,2020-09-12
"566",-120.661136,35.359414,2020-09-25
"567",-122.536122,37.857805,2020-09-18
"568",-122.582575,37.56141,2020-09-26
"569",-121.913126,37.138607,2020-10-03
"570",-122.446166,37.655903,2020-10-11
"571",-121.880417,36.571,2020-10-12
"572",-118.65087,34.104531,2020-10-17
"573",-121.192521,36.779975,2020-10-23
"574",-115.994039,31.096171,2020-10-23
"575",-122.005095,36.817749,2020-10-27
"576",-121.270065,37.03451,2020-10-30
"577",-122.529927,37.476697,2020-10-23
"578",-122.498899,37.570245,2020-10-13
"579",-122.482389,37.464905,2020-10-23
"580",-122.603108,38.240055,2020-11-17
"581",-122.96714,38.059639,2020-11-04
"582",-122.507445,37.412849,2020-11-25
"583",-122.455104,37.452215,2020-11-25
"584",-121.655415,36.823307,2020-11-19
"585",-122.970426,38.03146,2020-12-13
"586",-115.709957,30.91614,2020-12-20
"587",-115.745961,30.868731,2020-12-20
"588",-115.662037,30.806615,2020-12-20
"589",-121.936184,36.877008,2020-12-25
"590",-120.787969,35.327014,2020-12-28
"591",-123.037,38.397773,2019-01-08
"592",-120.058858,34.497684,2019-01-17
"593",-122.698544,38.29051,2019-01-17
"594",-120.067254,34.480874,2019-01-18
"595",-122.520825,37.544832,2019-01-19
"596",-122.586747,37.549367,2019-01-19
"597",-122.768099,38.226949,2019-01-22
"598",-122.473809,37.826064,2019-01-27
"599",-121.420638,37.687728,2019-01-27
"600",-121.11543,36.419235,2019-01-30
"601",-120.02789,34.516979,2019-02-11
"602",-122.536628,37.918454,2019-02-19
"603",-122.516318,37.984623,2019-02-19
"604",-120.191302,34.491595,2019-02-22
"605",-122.552768,38.201765,2019-02-28
"606",-115.759516,30.834141,2019-02-07
"607",-120.794007,35.286294,2019-02-24
"608",-121.872933,37.603847,2019-03-01
"609",-120.135052,34.469255,2019-03-04
"610",-120.143453,34.549938,2019-03-07
"611",-121.475288,37.796486,2019-03-06
"612",-122.288485,37.228894,2019-03-16
"613",-122.528374,37.885319,2019-03-04
"614",-122.725377,38.337762,2019-03-30
"615",-121.01973,36.547104,2019-03-01
"616",-121.128629,36.592745,2019-04-11
"617",-122.506027,37.980624,2019-04-23
"618",-122.829939,38.184031,2019-04-26
"619",-122.10234,37.903315,2019-04-27
"620",-121.272492,37.107618,2019-04-29
"621",-115.736965,30.827843,2019-04-28
"622",-115.631805,30.930876,2019-04-28
"623",-115.660948,30.977422,2019-04-28
"624",-115.746928,30.976551,2019-04-28
"625",-115.681465,30.922768,2019-04-28
"626",-121.500801,37.641771,2019-04-24
"627",-121.111554,36.581292,2019-04-22
"628",-115.787958,30.981666,2019-04-11
"629",-122.509746,37.468222,2019-04-04
"630",-120.709301,35.234884,2019-04-28
"631",-120.725365,35.399086,2019-04-28
"632",-120.677584,35.354825,2019-04-27
"633",-122.03196,37.143225,2019-05-28
"634",-121.034889,36.519828,2019-05-04
"635",-121.098637,36.469343,2019-05-04
"636",-121.14878,36.47908,2019-05-04
"637",-121.04041,36.507749,2019-05-04
"638",-121.043638,36.407923,2019-05-04
"639",-122.48879,38.377637,2019-05-17
"640",-115.614497,30.965566,2019-05-19
"641",-122.347605,37.586665,2019-05-21
"642",-122.428341,37.887841,2019-05-24
"643",-121.635104,37.731392,2019-05-23
"644",-121.503558,36.573077,2019-05-23
"645",-122.153898,37.399055,2019-05-15
"646",-115.610737,30.885681,2019-05-19
"647",-121.47185,37.675379,2019-05-23
"648",-121.863699,37.783296,2019-05-29
"649",-115.496348,30.974206,2019-05-19
"650",-122.599215,37.804147,2019-06-09
"651",-121.152644,36.420542,2019-06-28
"652",-121.015287,36.482476,2019-06-28
"653",-122.827166,38.318073,2019-07-05
"654",-121.902852,37.886266,2019-07-03
"655",-121.907438,37.989562,2019-07-03
"656",-122.411647,37.955305,2019-07-08
"657",-121.841696,37.830525,2019-07-09
"658",-122.787582,38.540896,2019-07-17
"659",-121.422532,37.152178,2019-07-24
"660",-121.541246,37.07531,2019-07-29
"661",-121.042266,36.567707,2019-07-09
"662",-120.947171,39.045351,2019-08-09
"663",-121.979055,37.87018,2019-08-10
"664",-121.968661,37.975243,2019-08-10
"665",-121.950653,37.95132,2019-08-10
"666",-121.891222,37.878264,2019-08-10
"667",-122.5816,37.939124,2019-08-08
"668",-121.995527,37.829118,2019-08-10
"669",-121.904302,37.93355,2019-08-12
"670",-121.926158,37.814807,2019-08-12
"671",-121.995197,37.881805,2019-08-12
"672",-121.857798,37.97389,2019-08-12
"673",-121.836771,37.809702,2019-08-12
"674",-121.85573,37.878769,2019-08-12
"675",-121.722697,37.340695,2019-08-23
"676",-122.440732,37.825223,2019-08-21
"677",-122.083203,37.329906,2019-08-29
"678",-121.846762,37.801801,2019-09-01
"679",-121.12272,36.683439,2019-09-02
"680",-121.950321,37.963916,2019-09-10
"681",-121.134069,36.436096,2019-09-14
"682",-121.024945,36.623318,2019-09-14
"683",-122.393865,37.398223,2019-09-12
"684",-121.696159,37.590421,2019-09-20
"685",-121.876001,37.998302,2019-09-21
"686",-122.140558,36.935182,2019-09-24
"687",-121.151779,36.544185,2019-09-23
"688",-121.261381,37.138759,2019-09-09
"689",-122.466703,37.819563,2019-09-26
"690",-121.909922,37.865181,2019-09-10
"691",-122.582279,37.54083,2019-09-30
"692",-122.405761,37.446917,2019-09-30
"693",-123.013487,38.309237,2019-09-12
"694",-122.082883,37.329811,2019-09-05
"695",-122.660419,37.827337,2019-10-17
"696",-122.163277,36.842643,2019-10-08
"697",-121.658645,37.892088,2019-10-09
"698",-121.118402,36.596516,2019-10-12
"699",-122.531688,37.976918,2019-10-16
"700",-122.879458,38.050184,2019-10-14
"701",-122.462207,37.982043,2019-10-16
"702",-121.237385,37.021348,2019-10-17
"703",-121.112077,36.511406,2019-10-18
"704",-121.077022,36.738008,2019-10-20
"705",-122.050681,37.849833,2019-10-20
"706",-121.89037,37.999093,2019-10-26
"707",-121.997634,37.95203,2019-10-26
"708",-121.963237,37.993403,2019-10-26
"709",-121.978982,37.90894,2019-10-26
"710",-121.87652,37.86125,2019-10-26
"711",-121.051193,36.441094,2019-10-10
"712",-120.790376,39.008124,2019-10-18
"713",-122.487605,37.965717,2019-11-01
"714",-121.97834,37.983401,2019-11-05
"715",-122.593335,37.831108,2019-11-07
"716",-122.97445,38.104252,2019-11-19
"717",-122.023002,37.982534,2019-11-13
"718",-122.10054,37.931646,2019-11-13
"719",-122.098049,37.940396,2019-11-19
"720",-115.64522,30.84575,2019-11-15
"721",-121.439261,37.773038,2019-11-05
"722",-120.11113,34.539078,2019-12-02
"723",-122.658226,38.2797,2019-12-02
"724",-122.629367,38.264681,2019-12-02
"725",-121.1364,36.695447,2019-12-13
"726",-120.136842,34.544503,2019-12-27
"727",-122.455387,37.893624,2019-12-31
"728",-122.498912,38.368896,2019-12-07
"729",-119.74993,34.591943,2018-01-04
"730",-121.472578,37.639942,2018-01-08
"731",-120.018318,34.451239,2018-01-08
"732",-122.468801,37.976219,2018-01-14
"733",-121.490972,37.646742,2018-01-08
"734",-121.589131,37.697242,2018-01-08
"735",-121.961011,37.985122,2018-01-03
"736",-121.706425,37.406591,2018-02-22
"737",-122.203159,37.448458,2018-02-11
"738",-122.373109,37.297505,2018-02-10
"739",-122.388212,37.3595,2018-02-10
"740",-122.56268,37.706177,2018-02-07
"741",-121.613154,37.32942,2018-03-04
"742",-121.640084,37.357796,2018-03-04
"743",-121.827411,37.951007,2018-03-05
"744",-121.751762,37.295153,2018-03-04
"745",-121.76497,37.388863,2018-03-08
"746",-116.764739,33.913021,2018-03-10
"747",-123.779151,38.942756,2018-03-11
"748",-122.463754,37.522777,2018-03-07
"749",-122.727286,38.317096,2018-03-25
"750",-121.902397,37.892152,2018-03-12
"751",-121.848743,37.973096,2018-03-12
"752",-122.829266,38.197299,2018-03-30
"753",-122.829684,38.077247,2018-03-30
"754",-122.830307,38.191589,2018-03-30
"755",-121.161986,36.549854,2018-03-31
"756",-120.112596,34.453757,2018-04-04
"757",-120.60695,35.302351,2018-04-12
"758",-122.422848,37.793838,2018-04-13
"759",-119.932852,34.509828,2018-04-21
"760",-119.252781,34.473855,2018-04-24
"761",-122.584806,37.847959,2018-04-20
"762",-122.181787,37.831714,2018-04-27
"763",-122.538583,37.715752,2018-04-27
"764",-122.53034,37.721137,2018-04-29
"765",-121.426169,37.065804,2018-04-28
"766",-122.199415,37.953625,2018-04-27
"767",-122.039331,37.837409,2018-04-27
"768",-121.101521,36.473974,2018-04-28
"769",-122.45054,37.983913,2018-04-17
"770",-122.334469,37.274153,2018-04-07
"771",-121.285361,37.058935,2018-04-25
"772",-121.064362,36.592366,2018-05-06
"773",-120.102139,34.534296,2018-05-05
"774",-122.073388,37.941799,2018-05-17
"775",-122.161244,37.812518,2018-05-17
"776",-121.167789,36.461175,2018-05-21
"777",-121.989233,37.559731,2018-05-25
"778",-120.424007,34.45348,2018-05-29
"779",-121.115354,36.570917,2018-05-22
"780",-121.816491,37.95769,2018-05-30
"781",-122.244135,37.291007,2018-05-31
"782",-119.585336,37.663551,2018-05-23
"783",-119.512885,37.759499,2018-05-23
"784",-121.907155,37.652884,2018-05-17
"785",-120.171729,34.484321,2018-06-07
"786",-121.737038,37.931877,2018-06-09
"787",-121.878888,37.917829,2018-06-09
"788",-115.507423,30.994404,2018-06-06
"789",-115.536657,30.875002,2018-06-06
"790",-115.545327,30.921843,2018-06-06
"791",-115.510324,30.947519,2018-06-06
"792",-115.426396,30.981543,2018-06-07
"793",-115.410916,30.898822,2018-06-07
"794",-122.095684,37.941622,2018-06-13
"795",-115.491426,30.975536,2018-06-06
"796",-115.509502,30.855589,2018-06-06
"797",-115.541947,30.898303,2018-06-06
"798",-115.459287,30.85502,2018-06-06
"799",-115.589843,30.948721,2018-06-07
"800",-115.416188,30.988824,2018-06-07
"801",-115.451517,30.93384,2018-06-07
"802",-115.587586,30.978922,2018-06-07
"803",-115.551164,30.971607,2018-06-07
"804",-115.564678,30.816692,2018-06-07
"805",-115.59955,30.972561,2018-06-07
"806",-115.458982,30.823145,2018-06-07
"807",-121.864693,37.885933,2018-06-19
"808",-121.787515,36.848099,2018-06-28
"809",-122.949023,38.044839,2018-06-28
"810",-122.909602,38.015463,2018-06-28
"811",-122.917593,38.173286,2018-06-28
"812",-121.887671,37.082033,2018-06-28
"813",-121.694204,36.897413,2018-06-17
"814",-115.456235,30.845442,2018-06-08
"815",-115.55176,30.976641,2018-06-08
"816",-115.56654,30.975883,2018-06-07
"817",-115.470082,30.83055,2018-06-07
"818",-115.568979,30.837877,2018-06-07
"819",-115.513385,30.856656,2018-06-07
"820",-115.546994,30.983946,2018-06-07
"821",-115.500948,30.978835,2018-06-07
"822",-115.551021,30.862686,2018-06-07
"823",-121.980424,37.695678,2018-06-08
"824",-121.826123,37.984151,2018-07-10
"825",-121.190476,36.450393,2018-07-09
"826",-122.675283,38.114803,2018-07-12
"827",-122.618442,38.19942,2018-07-12
"828",-121.098586,36.775576,2018-07-12
"829",-121.49147,37.145908,2018-07-22
"830",-121.473322,37.036775,2018-07-22
"831",-121.834509,37.973985,2018-07-20
"832",-121.017998,36.447389,2018-08-02
"833",-122.877141,38.169191,2018-08-04
"834",-122.143749,37.968612,2018-08-10
"835",-121.841794,37.846383,2018-08-16
"836",-121.877002,37.875165,2018-08-16
"837",-121.25607,37.191711,2018-08-06
"838",-121.182495,36.408186,2018-08-27
"839",-122.493525,38.466057,2018-08-31
"840",-122.749918,37.857353,2018-08-31
"841",-115.617176,30.80011,2018-08-26
"842",-122.446004,37.761488,2018-08-26
"843",-122.427725,37.628017,2018-08-21
"844",-122.530122,37.782295,2018-08-15
"845",-118.774829,34.133176,2018-08-19
"846",-118.697608,34.055273,2018-08-25
"847",-121.639888,36.915717,2018-08-26
"848",-122.483127,37.668574,2018-09-03
"849",-121.633043,36.983849,2018-09-26
"850",-122.038726,36.95477,2018-09-20
"851",-121.109847,36.552889,2018-09-30
"852",-115.797974,30.803343,2018-09-14
"853",-115.730885,30.870444,2018-09-14
"854",-115.775471,30.881235,2018-09-14
"855",-115.650817,30.991703,2018-09-15
"856",-115.717905,30.955385,2018-09-15
"857",-116.450064,34.980309,2018-09-05
"858",-120.144655,34.52714,2018-10-06
"859",-122.651217,37.935128,2018-10-24
"860",-122.589726,37.999742,2018-10-05
"861",-122.494874,38.254741,2018-11-16
"862",-122.431933,37.838186,2018-11-24
"863",-120.070102,34.504772,2018-12-06
"864",-118.836265,34.082157,2018-12-24
"865",-121.786556,37.626865,2017-01-07
"866",-121.659076,37.760388,2017-01-07
"867",-121.530209,37.748239,2017-01-08
"868",-121.558374,37.77841,2017-01-07
"869",-121.589461,37.610924,2017-01-07
"870",-122.287012,37.164879,2017-01-10
"871",-122.607049,37.953988,2017-01-30
"872",-121.918396,36.801827,2017-02-05
"873",-120.044511,34.470004,2017-02-20
"874",-120.040757,34.513418,2017-02-27
"875",-122.585245,37.764661,2017-02-17
"876",-121.98468,36.515153,2017-02-22
"877",-121.863895,36.434133,2017-02-22
"878",-121.916363,36.56375,2017-02-22
"879",-121.862364,37.563686,2017-02-22
"880",-122.753161,37.864988,2017-03-04
"881",-121.706824,36.612055,2017-03-20
"882",-121.839451,37.544934,2017-03-11
"883",-115.756144,30.855313,2017-03-17
"884",-121.096768,36.549281,2017-03-08
"885",-121.096525,36.498533,2017-03-26
"886",-121.185629,36.447781,2017-03-26
"887",-121.164918,36.42895,2017-03-26
"888",-121.879835,37.829058,2017-03-03
"889",-121.042461,36.577627,2017-03-05
"890",-122.772595,38.399147,2017-03-26
"891",-120.177207,34.67231,2017-03-18
"892",-120.129037,34.473869,2017-04-03
"893",-121.148152,36.573221,2017-04-03
"894",-121.054747,36.46186,2017-04-03
"895",-121.946556,37.607818,2017-04-01
"896",-121.918949,37.628039,2017-04-10
"897",-118.708856,34.066776,2017-04-14
"898",-120.131907,34.44165,2017-04-10
"899",-121.710076,37.998773,2017-05-03
"900",-121.818475,37.497569,2017-05-07
"901",-121.147897,36.516005,2017-05-07
"902",-121.648268,36.569668,2017-05-17
"903",-121.908821,37.931142,2017-05-23
"904",-121.015508,36.592644,2017-05-07
"905",-121.000026,36.514861,2017-05-25
"906",-121.0551,36.429023,2017-05-29
"907",-121.70218,37.857727,2017-05-08
"908",-121.967242,36.405997,2017-06-30
"909",-121.757711,37.979421,2017-06-03
"910",-115.673497,30.998463,2017-06-10
"911",-121.138028,36.447797,2017-06-12
"912",-115.660924,30.882847,2017-06-10
"913",-115.628193,30.865719,2017-06-10
"914",-122.484028,37.744571,2017-06-24
"915",-121.742682,37.961435,2017-06-22
"916",-121.893919,37.982405,2017-06-26
"917",-121.954896,37.87595,2017-07-06
"918",-121.152624,36.576403,2017-07-03
"919",-122.509445,37.747529,2017-07-10
"920",-121.06087,36.517066,2017-07-14
"921",-122.564679,38.378268,2017-07-24
"922",-115.43714,30.863931,2017-08-12
"923",-121.943941,36.413103,2017-08-23
"924",-121.853948,36.415105,2017-08-23
"925",-121.134627,36.426443,2017-08-22
"926",-121.197102,36.496667,2017-08-22
"927",-119.909096,34.566821,2017-08-30
"928",-121.799485,37.911433,2017-09-08
"929",-122.010516,36.954845,2017-09-03
"930",-121.037688,36.413168,2017-09-08
"931",-121.102812,36.47513,2017-09-08
"932",-119.909791,34.510456,2017-09-13
"933",-123.78736,38.962159,2017-09-12
"934",-116.721715,33.968985,2017-09-09
"935",-122.688712,38.015635,2017-09-03
"936",-122.52152,37.893763,2017-10-10
"937",-122.160274,36.916415,2017-10-18
"938",-121.058253,36.589768,2017-10-24
"939",-121.44603,35.903801,2017-10-25
"940",-122.591473,37.762183,2017-10-31
"941",-121.188822,36.514848,2017-10-30
"942",-122.132768,37.334286,2017-11-01
"943",-121.827434,36.894669,2017-11-03
"944",-121.911351,36.831599,2017-11-03
"945",-122.721364,38.592243,2017-11-04
"946",-119.968214,34.60021,2017-11-11
"947",-118.65201,34.195556,2017-11-13
"948",-122.492301,37.843504,2017-11-18
"949",-122.571953,37.883601,2017-11-18
"950",-122.545306,37.835679,2017-11-18
"951",-121.299631,37.114569,2017-11-25
"952",-121.237455,37.0804,2017-11-25
"953",-122.364668,37.361865,2017-11-25
"954",-121.939675,36.993785,2017-12-28
"955",-116.604435,33.819491,2017-12-14
"956",-121.066698,36.419382,2016-01-19
"957",-121.244139,37.693253,2016-01-17
"958",-121.602919,37.68645,2016-01-17
"959",-121.850294,37.564361,2016-02-14
"960",-118.703911,34.038791,2016-02-14
"961",-122.449209,38.209952,2016-02-28
"962",-122.355491,37.332861,2016-02-29
"963",-121.008415,36.589641,2016-03-03
"964",-122.447562,37.985852,2016-03-17
"965",-120.679173,35.294765,2016-04-23
"966",-121.898579,37.543218,2016-04-11
"967",-122.937882,38.052845,2016-04-03
"968",-122.542337,37.67029,2016-04-20
"969",-122.492016,37.713792,2016-04-20
"970",-122.416733,37.930393,2016-04-18
"971",-115.580753,30.914685,2016-04-23
"972",-121.884707,37.99635,2016-04-28
"973",-121.154299,36.57227,2016-04-08
"974",-121.097344,36.427056,2016-04-03
"975",-115.484991,30.947715,2016-04-27
"976",-121.060682,36.437162,2016-04-28
"977",-121.128288,36.553273,2016-04-28
"978",-121.176475,36.431671,2016-04-28
"979",-121.054461,36.406181,2016-04-28
"980",-121.592042,37.000244,2016-04-20
"981",-121.017561,36.561463,2016-05-05
"982",-118.722908,34.164263,2016-05-16
"983",-121.092727,36.536676,2016-05-21
"984",-121.043903,36.554817,2016-05-21
"985",-121.047267,36.479926,2016-05-07
"986",-121.357999,37.068392,2016-06-20
"987",-121.994589,37.869447,2016-06-25
"988",-121.964128,37.920788,2016-06-17
"989",-122.98779,38.110251,2016-07-09
"990",-115.654249,30.876895,2016-07-24
"991",-121.957268,37.932668,2016-07-29
"992",-122.432472,37.695823,2016-07-31
"993",-122.961898,38.034732,2016-07-31
"994",-121.834882,37.814951,2016-08-05
"995",-121.934135,37.806502,2016-08-05
"996",-121.018603,36.417921,2016-08-07
"997",-115.726712,30.955416,2016-08-12
"998",-122.18031,36.8691,2016-08-15
"999",-121.190178,36.503364,2016-08-06
"1000",-121.938094,37.89471,2016-08-16
"1001",-121.807673,36.571709,2016-08-24
"1002",-121.949878,36.442392,2016-08-24
"1003",-121.883866,36.420141,2016-08-24
"1004",-121.855294,36.57478,2016-08-24
"1005",-121.929081,36.545421,2016-08-24
"1006",-121.882456,36.500272,2016-08-24
"1007",-121.979934,36.565214,2016-08-25
"1008",-121.333538,37.11394,2016-08-24
"1009",-122.338116,37.281866,2016-09-15
"1010",-121.913448,37.963235,2016-09-03
"1011",-122.801901,38.067872,2016-09-09
"1012",-121.195029,36.526599,2016-09-14
"1013",-121.135521,36.473472,2016-09-14
"1014",-121.167415,36.538724,2016-09-14
"1015",-121.183358,36.403914,2016-09-14
"1016",-121.185415,36.465818,2016-09-14
"1017",-121.150069,36.458943,2016-09-25
"1018",-121.265551,37.159801,2016-09-01
"1019",-121.60479,37.763489,2016-10-20
"1020",-121.118166,36.455487,2016-10-28
"1021",-121.16787,36.532428,2016-10-01
"1022",-121.002939,36.52964,2016-10-01
"1023",-122.549956,37.795894,2016-10-03
"1024",-122.425885,37.583088,2016-10-03
"1025",-122.508739,38.548822,2016-10-24
"1026",-119.502024,34.583661,2016-11-01
"1027",-119.565712,34.416272,2016-11-03
"1028",-121.924299,36.911836,2016-12-15
"1029",-122.185238,37.843579,2015-02-13
"1030",-122.013582,37.981873,2015-02-13
"1031",-121.09141,36.499004,2015-03-09
"1032",-121.48627,37.037921,2015-03-21
"1033",-122.036317,36.895507,2015-03-22
"1034",-121.994047,37.224615,2015-03-30
"1035",-121.09808,36.468106,2015-03-19
"1036",-121.105131,36.521194,2015-04-01
"1037",-121.215965,37.10632,2015-04-04
"1038",-122.9069,38.151107,2015-04-20
"1039",-121.74476,37.873749,2015-04-18
"1040",-121.172222,36.401194,2015-05-01
"1041",-121.146312,36.493839,2015-05-09
"1042",-120.268663,35.697042,2015-05-01
"1043",-122.566494,37.689011,2015-06-18
"1044",-122.482156,37.746559,2015-06-18
"1045",-121.460232,37.039209,2015-06-22
"1046",-121.436168,37.050958,2015-06-25
"1047",-122.862382,38.106971,2015-06-29
"1048",-122.403106,37.620306,2015-06-20
"1049",-121.071437,36.545641,2015-07-11
"1050",-121.158561,36.414925,2015-07-14
"1051",-122.152532,36.81969,2015-07-24
"1052",-121.062511,36.422459,2015-09-29
"1053",-122.813074,38.073106,2015-09-02
"1054",-121.739106,37.970402,2015-09-05
"1055",-122.279828,37.149718,2015-10-02
"1056",-122.636516,38.108177,2015-10-15
"1057",-122.335674,38.148537,2015-11-08
"1058",-122.292436,37.040147,2015-11-13
"1059",-122.307431,37.123589,2014-01-07
"1060",-122.014971,37.95545,2014-02-14
"1061",-122.138299,37.724094,2014-02-17
"1062",-122.028036,37.883259,2014-02-24
"1063",-122.304989,37.11925,2014-02-09
"1064",-122.500996,37.516534,2014-03-02
"1065",-122.495018,37.71059,2014-03-28
"1066",-122.56796,37.64702,2014-03-28
"1067",-122.576387,37.690434,2014-03-28
"1068",-122.332293,37.446302,2014-03-28
"1069",-122.56732,37.634581,2014-03-29
"1070",-122.536708,37.950509,2014-03-29
"1071",-122.805586,38.019962,2014-03-29
"1072",-121.317203,37.111712,2014-03-20
"1073",-121.831031,36.918319,2014-03-30
"1074",-121.082567,36.443382,2014-04-03
"1075",-120.511152,35.338962,2014-04-15
"1076",-120.798427,35.216138,2014-04-15
"1077",-120.720059,35.372907,2014-04-15
"1078",-120.787581,35.325819,2014-04-15
"1079",-122.478659,37.787896,2014-04-17
"1080",-121.581736,37.757717,2014-04-01
"1081",-122.124684,36.81724,2014-05-10
"1082",-122.063372,36.815481,2014-05-10
"1083",-122.48283,37.837363,2014-05-29
"1084",-120.637068,35.220549,2014-05-12
"1085",-121.825396,37.835306,2014-05-05
"1086",-121.74463,36.545502,2014-06-20
"1087",-121.353994,35.644092,2014-06-24
"1088",-115.489002,30.813204,2014-06-11
"1089",-121.051693,36.405268,2014-07-29
"1090",-122.505397,37.595381,2014-07-15
"1091",-121.845921,37.860272,2014-08-18
"1092",-122.818227,38.130988,2014-08-03
"1093",-122.598672,37.59679,2014-08-04
"1094",-122.0611,37.324904,2014-09-02
"1095",-122.530319,37.609275,2014-09-06
"1096",-122.844443,38.126865,2014-10-21
"1097",-122.212236,37.180672,2014-10-24
"1098",-122.103619,36.899584,2014-10-05
"1099",-122.48046,37.895948,2014-11-14
"1100",-121.469681,37.655756,2014-11-20
"1101",-121.690551,37.775143,2014-11-20
"1102",-120.066852,34.454342,2014-11-24
"1103",-120.516657,34.895508,2014-12-18
"1104",-120.69571,35.113342,2014-12-18
"1105",-122.508845,37.359904,2013-01-27
"1106",-122.442539,37.615781,2013-01-11
"1107",-120.76885,34.820427,2013-02-04
"1108",-122.584021,37.215251,2013-02-15
"1109",-118.69875,34.17426,2013-02-26
"1110",-122.505241,37.716941,2013-03-24
"1111",-122.334464,37.256689,2013-04-03
"1112",-121.11877,36.425043,2013-04-19
"1113",-122.409049,37.35988,2013-04-21
"1114",-122.42671,37.301869,2013-04-26
"1115",-121.650621,36.988776,2013-04-01
"1116",-121.870476,36.515891,2013-04-19
"1117",-121.795927,36.827667,2013-05-08
"1118",-122.537507,37.324146,2013-05-17
"1119",-122.510686,37.396264,2013-05-01
"1120",-122.465609,37.646781,2013-05-19
"1121",-122.911542,38.141305,2013-07-07
"1122",-121.438241,37.12322,2013-07-15
"1123",-123.025796,38.313733,2013-08-19
"1124",-121.070543,36.588465,2013-08-27
"1125",-123.033163,38.206044,2013-08-19
"1126",-122.594602,37.497661,2013-08-22
"1127",-121.202648,37.148713,2013-08-17
"1128",-121.10554,36.565884,2013-09-19
"1129",-122.483616,37.677653,2013-10-30
"1130",-122.405661,37.622336,2013-10-08
"1131",-122.186421,36.926996,2013-11-08
"1132",-122.586949,37.404975,2013-11-17
"1133",-121.48234,37.683335,2013-11-19
"1134",-121.445617,37.625612,2013-11-19
"1135",-121.400738,37.752269,2013-11-19
"1136",-121.457471,37.787925,2013-11-19
"1137",-122.151086,36.985069,2013-11-20
"1138",-122.149636,36.984478,2013-11-20
"1139",-122.360428,37.133795,2012-01-21
"1140",-121.745209,37.372958,2012-02-22
"1141",-122.460817,37.692214,2012-03-04
"1142",-121.98678,37.832692,2012-05-19
"1143",-121.975767,37.403218,2012-05-27
"1144",-121.776442,36.809717,2012-05-24
"1145",-121.008072,36.496405,2012-06-08
"1146",-121.103035,36.425461,2012-07-07
"1147",-122.47101,37.660364,2012-09-16
"1148",-122.446379,37.477918,2012-12-24
"1149",-121.473027,37.172417,2011-01-20
"1150",-121.7255,37.864601,2011-03-30
"1151",-122.70277,38.150758,2011-03-16
"1152",-122.151978,37.021603,2011-04-27
"1153",-122.863055,38.022182,2011-06-14
"1154",-121.555646,36.942662,2011-07-22
"1155",-121.057715,36.560562,2011-07-03
"1156",-122.484865,37.750251,2011-08-28
"1157",-122.501796,37.768776,2011-08-28
"1158",-121.740454,36.967387,2011-08-10
"1159",-121.77145,36.867231,2011-08-01
"1160",-122.443583,37.473667,2011-08-08
"1161",-121.199525,36.576853,2011-09-24
"1162",-122.507654,37.67147,2011-09-07
"1163",-122.088179,37.976687,2011-10-01
"1164",-121.068155,36.524322,2011-10-28
"1165",-122.365943,37.163023,2011-11-12
"1166",-122.4687,37.768197,2010-01-07
"1167",-121.223898,37.001296,2010-05-24
"1168",-122.593915,37.783132,2010-06-04
"1169",-122.552451,37.243982,2010-06-05
"1170",-121.568087,37.741007,2010-06-05
"1171",-122.162457,37.810526,2010-06-04
"1172",-121.854083,37.750503,2010-07-20
"1173",-121.073354,36.445317,2010-09-26
"1174",-121.771644,36.867444,2010-09-28
"1175",-120.29694,34.53042,2010-12-18
"1176",-120.296,34.53136,2010-12-18
"1177",-120.2033,34.54512,2010-12-18
"1178",-122.140102,37.885675,2009-02-21
"1179",-121.768087,37.934408,2009-02-24
"1180",-121.760474,37.209745,2009-03-30
"1181",-121.772495,37.539552,2009-06-10
"1182",-121.061457,36.50295,2009-10-06
"1183",-122.560447,37.75664,2008-02-09
"1184",-121.979831,37.9477,2008-06-01
"1185",-123.136342,38.447329,2008-10-04
"1186",-122.791389,38.031389,2008-11-28
"1187",-122.493073,37.620531,2008-12-19
"1188",-123.306952,39.307389,2007-02-02
"1189",-121.691599,37.683796,2007-03-31
"1190",-122.424933,37.220588,2007-04-01
"1191",-122.59772,37.304877,2007-04-01
"1192",-121.184347,36.524517,2007-05-19
"1193",-120.626126,34.911201,2007-07-25
"1194",-121.909498,37.935428,2007-09-29
"1195",-121.021563,36.595984,2006-05-14
"1196",-122.980315,38.090908,2006-05-06
"1197",-121.072091,36.439274,2006-05-14
"1198",-122.434944,37.294538,2006-08-19
"1199",-118.439462,34.588596,2005-05-17
"1200",-122.572573,37.294062,2005-06-19
"1201",-122.471915,37.638967,2005-07-24
"1202",-121.71436,36.42728,2005-08-06
"1203",-121.528931,37.167325,2005-09-24
"1204",-121.528931,37.167325,2005-09-27
"1205",-121.528931,37.167325,2005-09-18
"1206",-121.528931,37.167325,2005-09-25
"1207",-122.392129,37.320272,2005-10-02
"1208",-121.528931,37.167325,2005-10-01
"1209",-122.361378,37.506834,2004-05-29
"1210",-118.65575,34.086662,2004-08-30
"1211",-121.996192,37.641602,2004-09-12
"1212",-122.372153,37.399158,2003-01-09
"1213",-122.228251,37.158289,2003-03-29
"1214",-122.367558,37.401075,2003-03-14
"1215",-122.390139,37.363361,2003-03-14
"1216",-122.368447,37.402236,2003-03-14
"1217",-121.124645,35.441187,2003-06-03
"1218",-121.86525,37.705028,2003-07-25
"1219",-122.367778,37.247222,2003-11-08
"1220",-122.375581,37.253481,2003-11-30
"1221",-122.348806,37.213764,2003-11-30
"1222",-121.668106,36.387717,2003-11-24
"1223",-120.282778,34.741111,2003-11-12
"1224",-122.372153,37.399158,2002-02-07
"1225",-120.2440668,35.7423916,2002-03-27
"1226",-121.4752239,37.6577155,2002-05-20
"1227",-118.516419,34.54595,2002-05-07
"1228",-118.506767,34.5517,2002-07-03
"1229",-118.5123,34.5474,2002-07-03
"1230",-118.512417,34.546617,2002-07-03
"1231",-122.314576,37.068781,2002-09-22
"1232",-121.152919,35.789323,2002-10-17
"1233",-120.4905592,35.1882591,2001-03-21
"1234",-121.679924,37.715547,2001-03-06
"1235",-121.951212,37.923419,2001-03-12
"1236",-121.5845865,37.7431627,2001-03-04
"1237",-121.5421102,37.7120937,2001-03-04
"1238",-121.4907662,37.6469016,2001-03-04
"1239",-122.6178219,38.4108699,2001-03-16
"1240",-120.1457274,34.913144,2001-06-12
"1241",-120.640556,34.981667,2000-01-27
"1242",-121.7504059,37.2393507,2000-02-11
"1243",-122.600283,38.408542,2000-03-03
"1244",-121.701389,37.746389,2000-04-02
"1245",-121.965556,37.606667,2000-05-16
"1246",-121.743056,37.745833,2000-05-10
"1247",-121.924444,37.581111,2000-05-16
"1248",-121.645833,37.690278,2000-05-18
"1249",-121.924722,37.588333,2000-06-09
"1250",-121.351111,36.850556,2000-07-04
"1251",-122.014806,37.705917,2000-07-14
"1252",-121.7178509,37.6889988,2000-08-09
"1253",-120.502778,34.901111,2000-08-09
"1254",-118.534162,34.5617302,2000-10-16
"1255",-121.8051675,36.4536568,1999-01-19
"1256",-121.36,36.813611,1999-01-23
"1257",-121.784444,37.700556,1999-03-25
"1258",-120.470278,34.714167,1999-03-26
"1259",-120.4709055,34.8910772,1999-04-12
"1260",-122.129394,38.157417,1999-04-09
"1261",-121.28975,37.045419,1999-04-19
"1262",-121.2223469,35.6525344,1999-05-13
"1263",-122.00437,37.58915,1999-05-10
"1264",-121.748081,37.228342,1999-06-05
"1265",-121.7939237,37.9321959,1998-03-14
"1266",-121.7017684,36.9630125,1998-04-30
"1267",-121.401194,39.72825,1998-06-18
"1268",-121.864828,37.740569,1998-06-04
"1269",-122.110136,38.137417,1998-06-22
"1270",-120.7303681,35.3224198,1998-06-01
"1271",-120.7063515,35.320317,1998-06-01
"1272",-120.6878623,35.3382277,1998-06-03
"1273",-120.6962128,35.362266,1998-06-02
"1274",-122.239867,37.43045,1998-08-02
"1275",-122.7887446,38.0275417,1998-09-29
"1276",-122.790001,38.029999,1998-09-29
"1277",-121.5563199,36.947348,1997-03-23
"1278",-121.5675622,36.9476699,1997-05-25
"1279",-122.1806487,37.8627882,1997-06-21
"1280",-121.8142575,37.2529578,1997-06-01
"1281",-119.917222,34.433056,1997-06-18
"1282",-121.7817485,37.704579,1997-11-09
"1283",-120.452197,35.387418,1996-04-01
"1284",-121.119,35.5967,1996-04-26
"1285",-121.796165,37.6381743,1996-07-10
"1286",-121.704694,37.830917,1995-07-09
"1287",-121.729917,37.836861,1995-11-28
"1288",-121.735139,37.828417,1995-11-29
"1289",-121.733222,37.831222,1995-11-29
"1290",-121.734333,37.829028,1995-11-29
"1291",-121.0960745,35.6045536,1994-04-14
"1292",-121.654369,37.834519,1994-11-22
"1293",-121.6879019,37.029761,1993-04-05
"1294",-117.382464,33.504698,1993-05-16
"1295",-122.468886,37.768333,1993-07-27
"1296",-122.468886,37.768333,1993-07-29
"1297",-122.468886,37.768333,1993-07-30
"1298",-121.681667,37.698333,1993-07-13
"1299",-121.676783,37.767633,1993-08-16
"1300",-122.4084,37.26885,1992-02-28
"1301",-122.367222,36.918611,1992-03-24
"1302",-121.73955,37.736567,1992-03-05
"1303",-117.2540565,33.5563343,1991-09-16
"1304",-121.148583,35.616233,1991-09-18
"1305",-120.634444,34.96,1991-09-24
"1306",-122.486944,37.636111,1990-11-30
"1307",-122.4084,37.26885,1989-02-18
"1308",-120.478611,34.512222,1989-06-25
"1309",-120.330556,35.693889,1989-07-01
"1310",-117.2719627,33.5317959,1989-08-15
"1311",-122.6122007,38.3323086,1989-08-27
"1312",-120.337222,34.805556,1986-04-30
"1313",-122.133,37.9333,1986-08-29
"1314",-122.187,37.315,1986-08-30
"1315",-122.194512,37.3202022,1986-08-30
"1316",-120.271944,34.470278,1986-08-11
"1317",-120.118889,34.470278,1985-04-17
"1318",-120.635556,34.963056,1985-07-25
"1319",-120.229444,34.473611,1985-07-25
"1320",-120.336389,34.464722,1984-03-21
"1321",-120.142,34.9208,1984-10-13
"1322",-122.1411447,37.9379719,1983-08-26
"1323",-115.7142435,38.9323696,1983-08-13
"1324",-115.6975732,38.9368096,1983-08-17
"1325",-121.6782796,37.6629397,1982-02-14
"1326",-122.2437827,37.9053998,1982-10-25
"1327",-120.2257626,34.4923069,1981-01-18
"1328",-121.1480008,35.6162809,1981-04-10
"1329",-122.2233829,37.4151818,1981-09-26
"1330",-116.32571,31.42073,1978-08-21
"1331",-115.9505578,30.7684156,1977-05-20
"1332",-120.5559921,34.7738348,1977-06-17
"1333",-118.0321215,34.1730195,1977-06-14
"1334",-123.0239409,38.6929897,1976-03-01
"1335",-121.5545661,36.3855724,1976-03-22
"1336",-121.7872157,36.8329388,1976-03-24
"1337",-115.4667,30.88333,1976-08-23
"1338",-122.2526158,37.9025298,1976-09-27
"1339",-121.5939594,37.6405929,1975-02-06
"1340",-120.4659108,38.0618438,1975-02-07
"1341",-116.94408,33.44679,1975-05-04
"1342",-116.99392,33.47924,1975-05-29
"1343",-123.0825811,38.3850406,1975-07-26
"1344",-121.3190464,35.7644778,1975-07-15
"1345",-121.4904451,37.6398017,1975-07-22
"1346",-122.2439357,37.9052898,1975-10-01
"1347",-121.5014953,36.340164,1974-05-18
"1348",-120.57527,34.74179,1974-07-31
"1349",-115.4338795,30.8334166,1973-06-27
"1350",-115.463876,30.887101,1973-06-30
"1351",-115.5505512,31.0689641,1973-08-10
"1352",-117.4517013,34.2905562,1972-05-28
"1353",-121.8869266,37.9135735,1971-01-16
"1354",-121.9083443,37.8524277,1971-01-17
"1355",-121.840535,36.925845,1971-02-26
"1356",-116.0005604,30.9500763,1971-04-05
"1357",-121.5868,37.6399,1971-04-04
"1358",-121.4838,37.7012,1971-05-29
"1359",-121.4988652,37.6337118,1971-05-29
"1360",-121.4908651,37.6441216,1971-05-29
"1361",-121.7697125,37.8787742,1970-01-16
"1362",-115.6349974,31.1106292,1970-02-12
"1363",-122.9647966,38.2504264,1970-05-07
"1364",-119.7933589,34.4894652,1969-12-29
"1365",-117.62398,33.7159,1968-03-10
"1366",-117.5939,33.72228,1968-03-16
"1367",-117.62395,33.71446,1968-03-07
"1368",-117.61765,33.72494,1968-05-30
"1369",-121.1476405,36.4403863,1968-07-16
"1370",-119.1176652,34.5547462,1968-08-02
"1371",-122.2004464,37.9629559,1968-08-01
"1372",-122.2637694,37.3861512,1968-08-18
"1373",-122.189605,38.042701,1968-09-21
"1374",-121.1482588,35.6159919,1968-12-30
"1375",-117.62308,33.71527,1967-03-18
"1376",-121.8259031,37.5113749,1967-03-20
"1377",-121.1750838,36.4963317,1967-06-16
"1378",-116.60401,32.9421,1967-06-01
"1379",-116.9036,33.34122,1967-09-14
"1380",-116.90098,33.34058,1967-10-01
"1381",-117.64054,33.62714,1966-02-22
"1382",-117.62582,33.71238,1966-03-11
"1383",-119.8187508,34.5200121,1965-02-21
"1384",-118.840866,34.030474,1965-05-08
"1385",-117.49036,33.59352,1965-06-22
"1386",-116.47445,33.09641,1965-08-07
"1387",-121.1802367,36.481785,1965-09-02
"1388",-117.59113,33.71857,1965-11-05
"1389",-118.8556832,34.0649117,1964-02-05
"1390",-116.552102,33.763158,1964-03-20
"1391",-118.7527577,34.0498039,1964-04-16
"1392",-117.64054,33.71277,1964-04-11
"1393",-119.8197456,34.5064615,1964-05-17
"1394",-121.5345994,37.3503219,1964-10-03
"1395",-116.43577,33.11854,1963-04-04
"1396",-116.47983,33.10075,1963-04-26
"1397",-116.47211,33.09806,1963-04-27
"1398",-122.2399922,38.4828796,1963-05-30
"1399",-120.8811299,36.7315774,1963-08-10
"1400",-122.4921945,39.6046235,1963-10-10
"1401",-116.47763,33.10065,1962-04-19
"1402",-122.7193143,38.8613829,1961-01-25
"1403",-122.7262728,38.8832154,1961-01-25
"1404",-120.8419331,38.6452457,1961-03-31
"1405",-118.5289546,34.6371572,1961-07-16
"1406",-115.47592,30.89293,1961-09-06
"1407",-117.7758703,34.1406322,1960-02-03
"1408",-119.7791741,34.5457777,1960-05-12
"1409",-121.873683,37.57682,1960-06-30
"1410",-121.8919034,37.5768199,1960-06-30
"1411",-120.3805309,35.2072294,1960-07-25
"1412",-122.2461484,37.2626151,1960-07-05
"1413",-120.2270894,35.0223145,1960-07-25
"1414",-120.2270894,35.0223145,1960-07-25
"1415",-120.0685423,34.5107546,1960-10-11
"1416",-120.4088945,34.5654926,1960-12-01
"1417",-121.8338519,36.9216254,1959-01-10
"1418",-122.7479965,38.9009128,1959-01-26
"1419",-117.850974,34.2390219,1959-03-20
"1420",-118.112296,34.429069,1959-03-29
"1421",-121.9976992,37.05274,1959-03-30
"1422",-116.65373,33.98019,1959-04-11
"1423",-116.58572,32.90666,1959-04-01
"1424",-117.49748,33.5914,1959-04-11
"1425",-121.8852917,36.9734108,1959-05-17
"1426",-122.29925,37.43576,1959-06-13
"1427",-122.29924,37.43575,1959-06-13
"1428",-117.4890348,34.253486,1959-07-29
"1429",-117.3068262,34.3176695,1959-08-06
"1430",-117.59042,33.66254,1958-04-28
"1431",-122.4601332,37.6461967,1958-04-20
"1432",-122.8065906,38.0690316,1958-08-23
"1433",-122.1480054,37.2794845,1958-08-28
"1434",-118.4833,34.37806,1958-08-02
"1435",-116.4998599,31.8900527,1957-03-25
"1436",-117.52442,33.70402,1957-03-30
"1437",-116.69266,33.30965,1957-03-29
"1438",-121.2819206,38.1306148,1957-03-19
"1439",-117.0978989,34.0721977,1957-04-20
"1440",-117.0603345,34.2230218,1957-04-16
"1441",-116.65869,33.77172,1957-06-18
"1442",-122.42595,37.68616,1957-11-02
"1443",-122.1761349,37.4207451,1956-01-11
"1444",-116.69289,33.30925,1956-04-21
"1445",-117.51706,33.69542,1956-04-05
"1446",-118.54034,34.2984,1956-04-05
"1447",-122.825081,38.0692894,1955-01-01
"1448",-119.3083288,34.4845768,1955-02-11
"1449",-118.3079257,34.4553347,1955-03-27
"1450",-116.5003281,32.8006646,1955-04-10
"1451",-116.8499,32.6532,1955-07-18
"1452",-117.2308977,34.3432983,1955-08-24
"1453",-121.1830917,36.4788421,1955-09-16
"1454",-121.1830917,36.4788421,1955-09-16
"1455",-118.4973109,34.5403411,1954-03-06
"1456",-118.8691601,34.702902,1954-04-04
"1457",-116.4405895,33.1100058,1954-04-13
"1458",-117.3245777,34.329158,1954-07-16
"1459",-122.0867662,37.1284245,1954-09-12
"1460",-122.361297,37.806625,1953-01-01
"1461",-121.1458855,36.5332251,1953-02-22
"1462",-118.3006454,34.4399552,1953-05-01
"1463",-118.5906482,34.0699635,1953-05-02
"1464",-120.2675481,35.1826419,1953-05-03
"1465",-120.610209,35.2850567,1953-05-03
"1466",-122.9659706,38.2465495,1953-06-28
"1467",-115.473833,30.892389,1953-06-01
"1468",-122.9649966,38.2506264,1953-07-02
"1469",-117.5206197,33.6699822,1953-08-16
"1470",-121.6970136,37.8603482,1953-11-13
"1471",-122.1986953,37.3329309,1953-11-14
"1472",-121.9690221,37.8815736,1953-12-03
"1473",-117.62249,33.70945,1952-02-29
"1474",-122.142584,37.8808972,1952-02-23
"1475",-117.78316,33.54225,1952-04-11
"1476",-117.60398,33.65701,1952-05-03
"1477",-116.5705913,32.9800088,1952-05-23
"1478",-117.1827667,34.257569,1952-07-10
"1479",-117.767016,34.1334734,1952-07-04
"1480",-119.6942753,37.1281563,1952-08-15
"1481",-119.6942753,37.1281563,1952-08-15
"1482",-121.4534095,37.3435537,1952-08-30
"1483",-115.75,30.96667,1952-08-15
"1484",-121.8482691,37.4724166,1951-03-17
"1485",-121.8535222,37.8639939,1951-04-15
"1486",-121.185642,36.488478,1951-04-28
"1487",-116.5805908,32.9000111,1951-06-25
"1488",-121.2323037,36.633638,1951-06-18
"1489",-121.28015,36.546267,1951-06-18
"1490",-116.80738,32.65784,1950-02-18
"1491",-117.8603742,34.2366949,1950-03-17
"1492",-117.9881895,34.1758647,1950-04-14
"1493",-117.9692844,34.2131538,1950-04-14
"1494",-120.39647,37.96372,1950-04-23
"1495",-120.2621422,35.5582622,1950-04-10
"1496",-116.78923,33.38506,1950-04-03
"1497",-117.1255467,34.2840477,1950-05-31
"1498",-118.9086594,34.4566504,1950-05-06
"1499",-118.7671755,34.4804198,1950-06-20
"1500",-118.3334101,34.437249,1950-06-20
"1501",-117.1422223,34.0015964,1950-08-06
"1502",-121.8400191,37.8817516,1950-08-13
"1503",-116.468056,32.606389,1950-12-30
"1504",-122.410567,37.580683,1949-04-17
"1505",-118.7588757,34.5206057,1949-05-07
"1506",-118.7623206,34.5081191,1949-06-21
"1507",-115.4505473,30.8834119,1949-07-02
"1508",-121.078478,36.265508,1949-01-01
"1509",-122.1767353,37.0614054,1948-05-11
"1510",-119.0830409,34.4070896,1948-09-15
"1511",-120.395583,35.352542,1948-09-03
"1512",-121.4143945,36.0142988,1948-09-02
"1513",-116.44303,33.11458,1948-09-23
"1514",-118.1884643,34.294644,1947-02-16
"1515",-118.707152,34.0848502,1947-03-30
"1516",-116.4753,33.09645,1947-04-13
"1517",-118.1894416,34.223483,1947-04-20
"1518",-121.175,36.466667,1947-05-24
"1519",-118.5984245,34.083498,1947-06-13
"1520",-122.1467253,37.8183975,1947-08-13
"1521",-120.1748071,35.2855559,1947-09-04
"1522",-120.1748071,35.2855559,1947-09-07
"1523",-122.1833,37.802201,1947-10-08
"1524",-121.2779653,35.6604228,1946-03-31
"1525",-121.075833,38.896667,1946-04-19
"1526",-122.2745498,37.3165947,1946-05-22
"1527",-121.1458855,36.5332251,1946-06-27
"1528",-121.1969701,36.4812459,1946-08-06
"1529",-122.277884,37.8708683,1945-04-17
"1530",-122.2460863,37.8723215,1945-04-15
"1531",-122.5155358,37.8290732,1945-06-02
"1532",-122.2410972,37.8723215,1945-07-30
"1533",-122.7148006,38.8168708,1945-07-29
"1534",-115.30667,30.78667,1945-07-08
"1535",-118.56,34.4442,1945-10-07
"1536",-120.608056,35.39,1945-12-11
"1537",-117.2598288,34.1865194,1944-02-01
"1538",-118.4406448,34.0699645,1944-03-17
"1539",-122.8129646,38.0637997,1944-05-21
"1540",-122.900597,38.1652458,1944-05-23
"1541",-122.1286561,37.8303784,1944-05-15
"1542",-122.7227614,38.0508977,1944-05-22
"1543",-122.198328,37.349439,1943-01-24
"1544",-122.1893652,37.4230509,1943-05-07
"1545",-122.7962471,38.0509891,1943-06-06
"1546",-122.272747,37.871593,1942-07-25
"1547",-121.91752,36.61957,1942-09-27
"1548",-122.201389,37.347222,1942-01-01
"1549",-117.1787205,39.0157672,1941-05-21
"1550",-122.8978086,38.1415953,1941-08-09
"1551",-122.2710241,37.1121504,1941-09-14
"1552",-122.277607,37.0946088,1941-09-14
"1553",-122.175,37.421944,1940-01-07
"1554",-122.4940439,37.7208128,1940-02-18
"1555",-119.6295853,34.4995641,1940-03-21
"1556",-121.7312735,37.8690668,1940-04-07
"1557",-121.734028,37.8277276,1940-04-07
"1558",-121.727545,37.8376785,1940-04-07
"1559",-119.81289,34.54223,1940-06-16
"1560",-122.5072709,38.2996552,1940-10-13
"1561",-122.61664,38.2730748,1940-10-13
"1562",-124.0644566,41.5632428,1940-11-11
"1563",-124.0276303,41.3482494,1940-11-15
"1564",-117.6706212,33.469987,1939-01-01
"1565",-118.3506456,34.3499573,1939-01-03
"1566",-121.7769868,37.885957,1939-02-19
"1567",-117.8567383,34.3544727,1939-04-05
"1568",-121.187222,36.4725,1939-04-15
"1569",-121.1841811,36.5073384,1939-04-15
"1570",-121.185642,36.488478,1939-04-15
"1571",-121.185428,36.477542,1939-04-15
"1572",-122.286033,37.9391,1939-04-01
"1573",-122.0679523,37.2512368,1939-04-08
"1574",-121.8469449,37.8524922,1939-05-14
"1575",-116.4405894,33.1000061,1939-05-23
"1576",-120.8305,39.209833,1939-06-29
"1577",-120.6622056,35.3251962,1939-06-19
"1578",-116.579722,32.3625,1939-06-14
"1579",-121.7836797,36.4299256,1939-08-22
"1580",-121.7177291,36.9945876,1939-08-05
"1581",-122.5130359,37.527483,1939-11-12
"1582",-122.5130359,37.527483,1939-11-12
"1583",-118.1906412,34.2799604,1938-02-27
"1584",-122.386108,37.598603,1938-07-01
"1585",-121.19515,36.48135,1938-07-24
"1586",-122.2674162,37.1255231,1938-08-08
"1587",-122.2674162,37.1255231,1938-08-08
"1588",-122.310122,37.477639,1938-08-21
"1589",-116.6057,33.0441,1938-08-03
"1590",-122.410233,37.5772,1938-12-23
"1591",-122.2739301,37.1105714,1937-03-31
"1592",-118.4427538,34.0710165,1937-04-01
"1593",-115.8538886,30.775083,1937-05-23
"1594",-117.68143,33.54234,1937-11-18
"1595",-118.3106456,34.4399551,1936-05-24
"1596",-122.3685102,37.4954589,1935-02-16
"1597",-122.8215725,38.0393181,1935-03-31
"1598",-122.804583,38.062967,1935-03-10
"1599",-116.780593,32.6400176,1935-04-20
"1600",-120.7851627,38.7192947,1935-05-21
"1601",-122.175,37.421944,1935-06-21
"1602",-122.3163,37.483539,1935-07-15
"1603",-121.9240985,37.6798473,1935-01-01
"1604",-117.2167564,34.3421434,1934-07-05
"1605",-116.64026,32.57223,1933-04-16
"1606",-118.2015423,34.3666579,1933-07-07
"1607",-121.806342,36.988562,1933-07-02
"1608",-122.6008038,39.3748069,1933-10-02
"1609",-117.28437,34.53513,1932-03-24
"1610",-117.58935,33.39153,1932-04-02
"1611",-117.31226,33.44728,1932-04-10
"1612",-122.7568626,38.0016655,1931-03-01
"1613",-122.270803,37.804372,1931-04-06
"1614",-122.2132974,37.7879906,1931-04-06
"1615",-122.214064,37.8326316,1931-04-16
"1616",-116.41446,32.66204,1931-04-05
"1617",-122.201056,37.843492,1931-05-10
"1618",-119.3050698,35.2416705,1931-06-13
"1619",-117.1806705,39.0151372,1931-07-04
"1620",-120.0215801,34.5942416,1931-09-01
"1621",-118.18332,34.10861,1930-03-22
"1622",-116.92957,32.88961,1930-03-09
"1623",-116.49199,32.77147,1930-04-14
"1624",-116.78142,32.64425,1930-04-14
"1625",-117.30944,34.52908,1930-04-17
"1626",-118.1662242,34.1336466,1930-07-18
"1627",-121.926944,36.536111,1930-07-06
"1628",-122.4997109,37.7122729,1930-10-08
"1629",-122.172144,37.423156,1930-01-01
"1630",-117.11292,33.0334,1929-05-20
"1631",-116.95754,33.28811,1929-05-29
"1632",-117.9767542,34.169157,1929-06-02
"1633",-116.9575,33.288056,1929-06-01
"1634",-121.69494,37.22692,1929-06-13
"1635",-122.855833,38.101111,1928-04-30
"1636",-116.43996,32.77196,1928-04-29
"1637",-116.4362835,33.1186355,1928-05-06
"1638",-116.8586966,33.0461789,1928-05-06
"1639",-122.175,37.421944,1928-07-26
"1640",-116.52923,32.82147,1928-07-06
"1641",-117.00401,33.31321,1928-08-04
"1642",-116.3568779,33.1374855,1927-05-09
"1643",-116.499361,32.715399,1927-07-17
"1644",-116.65646,32.96551,1926-05-15
"1645",-115.733333,30.966667,1925-03-04
"1646",-116.0175,30.719722,1925-03-18
"1647",-118.2700604,34.1216523,1925-04-24
"1648",-115.766667,30.866667,1925-04-15
"1649",-115.7373834,30.8199022,1925-04-24
"1650",-122.271625,37.871603,1925-08-29
"1651",-121.9960682,40.3130551,1924-06-05
"1652",-116.597778,33.199167,1924-06-28
"1653",-120.5113116,34.9129023,1923-04-10
"1654",-118.1606389,34.1199651,1923-04-07
"1655",-118.1806391,34.0999655,1923-04-07
"1656",-122.821022,38.0751484,1923-05-08
"1657",-116.57445,32.884067,1923-05-08
"1658",-116.721111,32.793611,1923-05-08
"1659",-122.2036876,37.818639,1923-06-25
"1660",-115.408167,30.895306,1923-06-10
"1661",-115.473833,30.892389,1923-06-14
"1662",-115.744319,30.972653,1923-06-08
"1663",-115.8238893,30.9417446,1923-06-05
"1664",-120.6769,35.253433,1923-07-04
"1665",-121.9374461,37.7096066,1922-05-01
"1666",-122.2092528,37.8247108,1922-06-09
"1667",-119.8547203,37.8817594,1922-07-21
"1668",-111.9189489,25.4890914,1922-07-19
"1669",-122.8088225,38.0601458,1922-08-26
"1670",-120.742108,37.399206,1922-09-13
"1671",-122.2092528,37.8247108,1921-02-06
"1672",-121.5238232,36.787284,1921-03-30
"1673",-121.5894647,37.3565903,1921-05-25
"1674",-118.1793703,34.1137721,1921-05-15
"1675",-117.3339547,34.5988476,1920-05-28
"1676",-117.7487219,34.0623815,1919-04-02
"1677",-122.252778,37.43,1919-04-21
"1678",-118.5175,34.386111,1919-04-21
"1679",-119.716667,34.016667,1919-05-17
"1680",-117.7546302,34.1852661,1918-06-09
"1681",-124.1625,40.802222,1918-07-03
"1682",-120.617933,35.20105,1917-05-01
"1683",-120.584169,35.358889,1917-05-04
"1684",-120.611389,35.098889,1917-05-02
"1685",-120.374444,35.655278,1917-05-07
"1686",-117.290278,34.536111,1917-06-18
"1687",-122.2723058,37.8696303,1916-03-29
"1688",-120.741167,39.042833,1916-08-12
"1689",-119.4641,36.7166,1916-10-07
"1690",-120.4389494,37.5206427,1915-05-25
"1691",-118.4426485,34.4291545,1915-06-20
"1692",-116.4821368,32.6030717,1915-06-12
"1693",-118.5196467,34.0788637,1915-07-16
"1694",-120.7650809,37.0335112,1914-05-19
"1695",-119.697222,34.420833,1914-05-06
"1696",-118.0531728,34.1620036,1913-05-20
"1697",-122.9303098,38.1007649,1913-06-04
"1698",-122.2987577,38.2683016,1912-12-16
"1699",-124.0673364,41.546546,1911-05-01
"1700",-123.798356,39.307811,1911-05-02
"1701",-124.065278,41.546944,1911-05-01
"1702",-118.272014,34.368525,1911-08-22
"1703",-122.390556,40.586667,1911-10-04
"1704",-118.0392765,34.1636257,1909-04-10
"1705",-118.0206359,34.1399655,1909-04-10
"1706",-118.0206359,34.1399655,1909-04-10
"1707",-121.6905554,37.0657662,1909-07-07
"1708",-118.0606371,34.1699644,1908-04-20
"1709",-118.0406366,34.1699645,1908-04-05
"1710",-118.0634612,34.1739172,1908-04-20
"1711",-118.0619272,34.1788201,1908-04-20
"1712",-118.0506367,34.149965,1908-04-25
"1713",-118.0165002,34.1851032,1908-04-25
"1714",-118.0206361,34.1599649,1908-04-25
"1715",-116.4698496,32.6051847,1908-05-17
"1716",-121.928889,36.628889,1907-07-12
"1717",-121.918333,36.555,1904-05-26
"1718",-121.9280733,36.5360268,1904-05-28
"1719",-121.914148,36.5373739,1904-06-24
"1720",-121.8699088,37.2505155,1904-08-10
"1721",-121.926944,36.536111,1904-08-09
"1722",-121.8966445,36.5357851,1904-09-05
"1723",-121.9326982,36.5192772,1904-09-28
"1724",-122.484167,37.859167,1903-01-01
"1725",-122.449444,37.756667,1902-01-01
"1726",-122.226111,37.846389,1900-01-01
"1727",-121.973611,37.226667,1898-04-21
"1728",-122.269722,37.804444,1897-01-01
"1729",-116.96,32.6466,1894-07-04
"1730",-121.9344276,36.6346854,1894-08-01
"1731",-116.714,33.0806,1893-03-15
"1732",-116.715,33.0806,1893-03-15
"1733",-115.4775,31.017222,1893-07-01
"1734",-122.029722,36.974167,1893-08-29
"1735",-117.312778,34.073889,1893-11-06
"1736",-122.123861,37.125561,1892-04-10
"1737",-121.8987514,36.6047724,1891-09-30
"1738",-118.4483627,34.0465431,NA
"1739",-117.8465967,34.3187127,NA
"1740",-117.6661726,34.2252696,NA
"1741",-119.1322086,34.561494,NA
"1742",-118.5191527,34.0789147,NA
"1743",-121.1958841,36.4812309,NA
"1744",-118.512549,34.054913,NA
"1745",-118.446752,34.0733764,NA
"1746",-117.2598862,34.1236622,NA
"1747",-118.6930847,34.1802436,NA
"1748",-122.4447783,37.7584414,NA
"1749",-122.6347889,38.2390294,NA
"1750",-122.2347785,38.1363349,NA
"1751",-122.1857774,38.1367353,NA
"1752",-122.5807923,38.5820227,NA
"1753",-118.718661,35.0171366,NA
"1754",-119.7076773,34.4276455,NA
"1755",-122.1417672,37.4283512,NA
"1756",-122.4647793,37.7971403,NA
"1757",-122.4867805,37.8565389,NA
"1758",-122.283781,38.2437322,NA
"1759",-122.1697678,37.427551,NA
"1760",-118.2016423,34.3666579,NA
"1761",-118.855663,34.9083386,NA
"1762",-122.280278,37.708333,NA
"1763",-122.461189,38.290318,NA
"1764",-122.445183,37.75853,NA
"1765",-111.925,25.491667,NA
"1766",-116.241667,31.325,NA
"1767",-115.758333,30.975,NA
"1768",-115.825,30.941667,NA
"1769",-121.7061149,36.9131106,NA
"1770",-122.47,37.788056,NA
"1771",-122.418331,37.775,NA
"1772",-117.1862424,34.2163971,NA
"1773",-122.410367,37.580867,NA
"1774",-120.383028,34.911761,NA
"1775",-120.341781,34.879516,NA
"1776",-116.458333,31.625,NA
"1777",-122.2739468,37.3187956,NA
"1778",-120.8844258,35.2535914,NA
